{"payload":{"installed_packages":["absl-py==1.3.0","anyio==3.6.2","argon2-cffi-bindings==21.2.0","argon2-cffi==21.3.0","arrow==1.2.3","astor==0.8.1","asttokens==2.0.8","attrs==22.1.0","autopep8==2.0.0","backcall==0.2.0","beautifulsoup4==4.11.1","bleach==1.5.0","blis==0.7.9","catalogue==2.0.8","certifi==2022.9.24","cffi==1.15.1","charset-normalizer==2.1.1","click==8.1.3","colorama==0.4.6","comet-ml==3.32.8","confection==0.0.3","configobj==5.0.8","contourpy==1.0.5","cycler==0.11.0","cymem==2.0.7","debugpy==1.6.3","decorator==5.1.1","defusedxml==0.7.1","dulwich==0.21.3","entrypoints==0.4","everett==3.1.0","executing==1.1.1","fastjsonschema==2.16.2","filelock==3.9.0","fonttools==4.38.0","fqdn==1.5.1","gast==0.5.3","ghostscript==0.7","gitdb==4.0.10","gitpython==3.1.31","grpcio==1.50.0","html5lib==0.9999999","idna==3.4","imageio==2.22.4","interface==2.11.1","ipykernel==6.16.2","ipython-genutils==0.2.0","ipython==8.5.0","isoduration==20.11.0","jedi==0.18.1","jinja2==3.1.2","joblib==1.2.0","jsonpointer==2.3","jsonschema==4.17.3","jupyter-client==7.4.4","jupyter-core==5.1.0","jupyter-events==0.5.0","jupyter-server-terminals==0.4.2","jupyter-server==2.0.1","jupyterlab-pygments==0.2.2","keras-models==0.0.7","keras==2.10.0","kiwisolver==1.4.4","langcodes==3.3.0","markdown-it-py==2.2.0","markdown==3.4.1","markupsafe==2.1.1","matplotlib-inline==0.1.6","matplotlib==3.6.2","mdurl==0.1.2","mistune==2.0.4","mpmath==1.2.1","murmurhash==1.0.9","nbclassic==0.4.8","nbclient==0.7.2","nbconvert==7.2.6","nbformat==5.7.0","nest-asyncio==1.5.6","networkx==3.0","nltk==3.8","notebook-shim==0.2.2","notebook==6.5.2","numpy==1.23.4","oauthlib==3.2.2","opencv-python==4.6.0.66","packaging==21.3","pandas==1.5.1","pandocfilters==1.5.0","parso==0.8.3","pathlib==1.0.1","pathy==0.6.2","pickleshare==0.7.5","pillow==9.2.0","pip==23.1","platformdirs==2.6.0","preshed==3.0.8","prometheus-client==0.15.0","prompt-toolkit==3.0.31","protobuf==4.21.9","psutil==5.9.3","pure-eval==0.2.2","pycodestyle==2.9.1","pycparser==2.21","pydantic==1.10.2","pygame==2.1.3.dev8","pygments==2.13.0","pyparsing==3.0.9","pyqt5-qt5==5.15.2","pyqt5-sip==12.11.0","pyqt5==5.15.7","pyrsistent==0.19.2","python-box==6.1.0","python-dateutil==2.8.2","python-json-logger==2.0.4","pytz==2022.5","pywin32==304","pywinpty==2.0.9","pyyaml==6.0","pyzmq==24.0.1","regex==2022.10.31","requests-oauthlib==1.3.1","requests-toolbelt==0.10.1","requests==2.28.1","rfc3339-validator==0.1.4","rfc3986-validator==0.1.1","rich==13.3.4","scikit-learn==1.1.3","scipy==1.9.3","seaborn==0.12.1","semantic-version==2.10.0","send2trash==1.8.0","sentry-sdk==1.19.1","setuptools==67.6.1","simplejson==3.19.1","six==1.16.0","sklearn==0.0","smart-open==5.2.1","smmap==5.0.0","sniffio==1.3.0","soupsieve==2.3.2.post1","spacy-legacy==3.0.10","spacy-loggers==1.0.3","spacy==3.4.2","srsly==2.4.5","stack-data==0.5.1","sympy==1.11.1","tensorboard==1.8.0","tensorflow==1.8.0","termcolor==2.1.0","terminado==0.17.1","textblob==0.17.1","thinc==8.1.5","thop==0.1.1.post2209072238","threadpoolctl==3.1.0","tinycss2==1.2.1","tk==0.1.0","tomli==2.0.1","torch==2.0.0+cu118","torchaudio==2.0.1+cu118","torchvision==0.15.1+cu118","tornado==6.2","tqdm==4.64.1","traitlets==5.7.1","tweepy==4.12.1","typer==0.4.2","typing-extensions==4.4.0","uri-template==1.2.0","urllib3==1.26.12","vboxapi==1.0","wasabi==0.10.1","wcwidth==0.2.5","webcolors==1.12","webencodings==0.5.1","websocket-client==1.3.3","werkzeug==2.2.2","wheel==0.38.3","wrapt==1.15.0","wurlitzer==3.0.3","zope.event==4.5.0","zope.interface==5.5.1","zope.schema==6.2.1"],"local_timestamp":1681749578258},"type":"ws_msg"}
{"payload":{"env_details":{"command":[".\\train.py","--img","640","--batch","16","--epochs","150","--data","data.yaml","--weights"," ","--cfg","yolov5s.yaml","--name","yolov5s_results"],"env":null,"hostname":"LAPTOP-V79M7BO9","ip":"192.168.1.148","machine":"AMD64","os":"Windows-10-10.0.19045-SP0","os_release":"10","os_type":"Windows","pid":35512,"processor":"Intel64 Family 6 Model 158 Stepping 10, GenuineIntel","python_exe":"C:\\Program Files\\Python311\\python.exe","python_version":"3.11.0","python_version_verbose":"3.11.0 (main, Oct 24 2022, 18:26:48) [MSC v.1933 64 bit (AMD64)]","user":"Adum"},"local_timestamp":1681749578320},"type":"ws_msg"}
{"payload":{"gpu_static_info":[{"gpu_index":0,"name":"NVIDIA GeForce GTX 1060 with Max-Q Design","power_limit":null,"total_memory":6442450944,"uuid":"GPU-bb732588-a766-a77e-2e1f-68877046a7dd"}],"local_timestamp":1681749578356},"type":"ws_msg"}
{"payload":{"local_timestamp":1681749578361,"metric":{"epoch":null,"metricName":"sys.gpu.0.total_memory","metricValue":6442450944,"step":null}},"type":"metric_msg"}
{"payload":{"local_timestamp":1681749578605,"metric":{"epoch":null,"metricName":"sys.cpu.percent.avg","metricValue":8.383333333333333,"step":null}},"type":"metric_msg"}
{"payload":{"local_timestamp":1681749578605,"metric":{"epoch":null,"metricName":"sys.load.avg","metricValue":0.0,"step":null}},"type":"metric_msg"}
{"payload":{"local_timestamp":1681749578605,"metric":{"epoch":null,"metricName":"sys.ram.total","metricValue":17075015680,"step":null}},"type":"metric_msg"}
{"payload":{"local_timestamp":1681749578605,"metric":{"epoch":null,"metricName":"sys.ram.used","metricValue":8897970176,"step":null}},"type":"metric_msg"}
{"payload":{"local_timestamp":1681749578606,"stderr":true,"stdout":"\u001b[1;38;5;196mCOMET ERROR:\u001b[0m Failed to set run cmd args\n"},"type":"ws_msg"}
{"payload":{"local_timestamp":1681749578606,"log_other":{"key":"offline_experiment","val":true}},"type":"ws_msg"}
{"payload":{"local_timestamp":1681749578610,"stderr":true,"stdout":"Traceback (most recent call last):\n"},"type":"ws_msg"}
{"payload":{"local_timestamp":1681749578610,"stderr":true,"stdout":"  File \"C:\\Users\\Adum\\Desktop\\SCARA Magisterka\\SCARA git\\SCARA_MGR\\YOLOv5\\train.py\", line 640, in <module>\n"},"type":"ws_msg"}
{"payload":{"local_timestamp":1681749578610,"metric":{"epoch":null,"metricName":"sys.gpu.0.free_memory","metricValue":5269348352,"step":null}},"type":"metric_msg"}
{"payload":{"local_timestamp":1681749578610,"metric":{"epoch":null,"metricName":"sys.gpu.0.gpu_utilization","metricValue":1,"step":null}},"type":"metric_msg"}
{"payload":{"local_timestamp":1681749578610,"metric":{"epoch":null,"metricName":"sys.gpu.0.power_usage","metricValue":4648,"step":null}},"type":"metric_msg"}
{"payload":{"local_timestamp":1681749578610,"metric":{"epoch":null,"metricName":"sys.gpu.0.temperature","metricValue":46,"step":null}},"type":"metric_msg"}
{"payload":{"local_timestamp":1681749578610,"metric":{"epoch":null,"metricName":"sys.gpu.0.used_memory","metricValue":1173102592,"step":null}},"type":"metric_msg"}
{"payload":{"local_timestamp":1681749578611,"stderr":true,"stdout":"    "},"type":"ws_msg"}
{"payload":{"local_timestamp":1681749578611,"stderr":true,"stdout":"main(opt)"},"type":"ws_msg"}
{"payload":{"local_timestamp":1681749578611,"stderr":true,"stdout":"\n"},"type":"ws_msg"}
{"payload":{"local_timestamp":1681749578612,"stderr":true,"stdout":"  File \"C:\\Users\\Adum\\Desktop\\SCARA Magisterka\\SCARA git\\SCARA_MGR\\YOLOv5\\train.py\", line 529, in main\n"},"type":"ws_msg"}
{"payload":{"local_timestamp":1681749578612,"stderr":true,"stdout":"    "},"type":"ws_msg"}
{"payload":{"local_timestamp":1681749578612,"stderr":true,"stdout":"train(opt.hyp, opt, device, callbacks)"},"type":"ws_msg"}
{"payload":{"local_timestamp":1681749578613,"stderr":true,"stdout":"\n"},"type":"ws_msg"}
{"payload":{"local_timestamp":1681749578613,"stderr":true,"stdout":"  File \"C:\\Users\\Adum\\Desktop\\SCARA Magisterka\\SCARA git\\SCARA_MGR\\YOLOv5\\train.py\", line 96, in train\n"},"type":"ws_msg"}
{"payload":{"local_timestamp":1681749578614,"stderr":true,"stdout":"    "},"type":"ws_msg"}
{"payload":{"local_timestamp":1681749578614,"stderr":true,"stdout":"loggers = Loggers(save_dir, weights, opt, hyp, LOGGER)  # loggers instance"},"type":"ws_msg"}
{"payload":{"local_timestamp":1681749578614,"stderr":true,"stdout":"\n"},"type":"ws_msg"}
{"payload":{"local_timestamp":1681749578614,"stderr":true,"stdout":" "},"type":"ws_msg"}
{"payload":{"local_timestamp":1681749578614,"stderr":true,"stdout":" "},"type":"ws_msg"}
{"payload":{"local_timestamp":1681749578614,"stderr":true,"stdout":" "},"type":"ws_msg"}
{"payload":{"local_timestamp":1681749578614,"stderr":true,"stdout":" "},"type":"ws_msg"}
{"payload":{"local_timestamp":1681749578614,"stderr":true,"stdout":" "},"type":"ws_msg"}
{"payload":{"local_timestamp":1681749578614,"stderr":true,"stdout":" "},"type":"ws_msg"}
{"payload":{"local_timestamp":1681749578614,"stderr":true,"stdout":" "},"type":"ws_msg"}
{"payload":{"local_timestamp":1681749578614,"stderr":true,"stdout":" "},"type":"ws_msg"}
{"payload":{"local_timestamp":1681749578614,"stderr":true,"stdout":" "},"type":"ws_msg"}
{"payload":{"local_timestamp":1681749578614,"stderr":true,"stdout":" "},"type":"ws_msg"}
{"payload":{"local_timestamp":1681749578614,"stderr":true,"stdout":" "},"type":"ws_msg"}
{"payload":{"local_timestamp":1681749578614,"stderr":true,"stdout":" "},"type":"ws_msg"}
{"payload":{"local_timestamp":1681749578614,"stderr":true,"stdout":" "},"type":"ws_msg"}
{"payload":{"local_timestamp":1681749578614,"stderr":true,"stdout":" "},"type":"ws_msg"}
{"payload":{"local_timestamp":1681749578614,"stderr":true,"stdout":"^"},"type":"ws_msg"}
{"payload":{"local_timestamp":1681749578614,"stderr":true,"stdout":"^"},"type":"ws_msg"}
{"payload":{"local_timestamp":1681749578614,"stderr":true,"stdout":"^"},"type":"ws_msg"}
{"payload":{"local_timestamp":1681749578614,"stderr":true,"stdout":"^"},"type":"ws_msg"}
{"payload":{"local_timestamp":1681749578614,"stderr":true,"stdout":"^"},"type":"ws_msg"}
{"payload":{"local_timestamp":1681749578614,"stderr":true,"stdout":"^"},"type":"ws_msg"}
{"payload":{"local_timestamp":1681749578614,"stderr":true,"stdout":"^"},"type":"ws_msg"}
{"payload":{"local_timestamp":1681749578614,"stderr":true,"stdout":"^"},"type":"ws_msg"}
{"payload":{"local_timestamp":1681749578614,"stderr":true,"stdout":"^"},"type":"ws_msg"}
{"payload":{"local_timestamp":1681749578614,"stderr":true,"stdout":"^"},"type":"ws_msg"}
{"payload":{"local_timestamp":1681749578614,"stderr":true,"stdout":"^"},"type":"ws_msg"}
{"payload":{"local_timestamp":1681749578614,"stderr":true,"stdout":"^"},"type":"ws_msg"}
{"payload":{"local_timestamp":1681749578614,"stderr":true,"stdout":"^"},"type":"ws_msg"}
{"payload":{"local_timestamp":1681749578614,"stderr":true,"stdout":"^"},"type":"ws_msg"}
{"payload":{"local_timestamp":1681749578614,"stderr":true,"stdout":"^"},"type":"ws_msg"}
{"payload":{"local_timestamp":1681749578614,"stderr":true,"stdout":"^"},"type":"ws_msg"}
{"payload":{"local_timestamp":1681749578614,"stderr":true,"stdout":"^"},"type":"ws_msg"}
{"payload":{"local_timestamp":1681749578614,"stderr":true,"stdout":"^"},"type":"ws_msg"}
{"payload":{"local_timestamp":1681749578614,"stderr":true,"stdout":"^"},"type":"ws_msg"}
{"payload":{"local_timestamp":1681749578614,"stderr":true,"stdout":"^"},"type":"ws_msg"}
{"payload":{"local_timestamp":1681749578614,"stderr":true,"stdout":"^"},"type":"ws_msg"}
{"payload":{"local_timestamp":1681749578614,"stderr":true,"stdout":"^"},"type":"ws_msg"}
{"payload":{"local_timestamp":1681749578614,"stderr":true,"stdout":"^"},"type":"ws_msg"}
{"payload":{"local_timestamp":1681749578614,"stderr":true,"stdout":"^"},"type":"ws_msg"}
{"payload":{"local_timestamp":1681749578614,"stderr":true,"stdout":"^"},"type":"ws_msg"}
{"payload":{"local_timestamp":1681749578614,"stderr":true,"stdout":"^"},"type":"ws_msg"}
{"payload":{"local_timestamp":1681749578614,"stderr":true,"stdout":"^"},"type":"ws_msg"}
{"payload":{"local_timestamp":1681749578614,"stderr":true,"stdout":"^"},"type":"ws_msg"}
{"payload":{"local_timestamp":1681749578614,"stderr":true,"stdout":"^"},"type":"ws_msg"}
{"payload":{"local_timestamp":1681749578614,"stderr":true,"stdout":"^"},"type":"ws_msg"}
{"payload":{"local_timestamp":1681749578614,"stderr":true,"stdout":"^"},"type":"ws_msg"}
{"payload":{"local_timestamp":1681749578614,"stderr":true,"stdout":"^"},"type":"ws_msg"}
{"payload":{"local_timestamp":1681749578614,"stderr":true,"stdout":"^"},"type":"ws_msg"}
{"payload":{"local_timestamp":1681749578614,"stderr":true,"stdout":"^"},"type":"ws_msg"}
{"payload":{"local_timestamp":1681749578614,"stderr":true,"stdout":"^"},"type":"ws_msg"}
{"payload":{"local_timestamp":1681749578614,"stderr":true,"stdout":"^"},"type":"ws_msg"}
{"payload":{"local_timestamp":1681749578615,"stderr":true,"stdout":"^"},"type":"ws_msg"}
{"payload":{"local_timestamp":1681749578615,"stderr":true,"stdout":"^"},"type":"ws_msg"}
{"payload":{"local_timestamp":1681749578615,"stderr":true,"stdout":"^"},"type":"ws_msg"}
{"payload":{"local_timestamp":1681749578615,"stderr":true,"stdout":"^"},"type":"ws_msg"}
{"payload":{"local_timestamp":1681749578615,"stderr":true,"stdout":"^"},"type":"ws_msg"}
{"payload":{"local_timestamp":1681749578615,"stderr":true,"stdout":"^"},"type":"ws_msg"}
{"payload":{"local_timestamp":1681749578615,"stderr":true,"stdout":"^"},"type":"ws_msg"}
{"payload":{"local_timestamp":1681749578615,"stderr":true,"stdout":"^"},"type":"ws_msg"}
{"payload":{"local_timestamp":1681749578615,"stderr":true,"stdout":"\n"},"type":"ws_msg"}
{"payload":{"local_timestamp":1681749578615,"stderr":true,"stdout":"  File \"C:\\Users\\Adum\\Desktop\\SCARA Magisterka\\SCARA git\\SCARA_MGR\\YOLOv5\\utils\\loggers\\__init__.py\", line 133, in __init__\n"},"type":"ws_msg"}
{"payload":{"local_timestamp":1681749578617,"stderr":true,"stdout":"    "},"type":"ws_msg"}
{"payload":{"local_timestamp":1681749578617,"stderr":true,"stdout":"self.comet_logger = CometLogger(self.opt, self.hyp)"},"type":"ws_msg"}
{"payload":{"local_timestamp":1681749578618,"stderr":true,"stdout":"\n"},"type":"ws_msg"}
{"payload":{"local_timestamp":1681749578618,"stderr":true,"stdout":" "},"type":"ws_msg"}
{"payload":{"local_timestamp":1681749578618,"stderr":true,"stdout":" "},"type":"ws_msg"}
{"payload":{"local_timestamp":1681749578618,"stderr":true,"stdout":" "},"type":"ws_msg"}
{"payload":{"local_timestamp":1681749578618,"stderr":true,"stdout":" "},"type":"ws_msg"}
{"payload":{"local_timestamp":1681749578618,"stderr":true,"stdout":" "},"type":"ws_msg"}
{"payload":{"local_timestamp":1681749578618,"stderr":true,"stdout":" "},"type":"ws_msg"}
{"payload":{"local_timestamp":1681749578618,"stderr":true,"stdout":" "},"type":"ws_msg"}
{"payload":{"local_timestamp":1681749578618,"stderr":true,"stdout":" "},"type":"ws_msg"}
{"payload":{"local_timestamp":1681749578618,"stderr":true,"stdout":" "},"type":"ws_msg"}
{"payload":{"local_timestamp":1681749578618,"stderr":true,"stdout":" "},"type":"ws_msg"}
{"payload":{"local_timestamp":1681749578618,"stderr":true,"stdout":" "},"type":"ws_msg"}
{"payload":{"local_timestamp":1681749578618,"stderr":true,"stdout":" "},"type":"ws_msg"}
{"payload":{"local_timestamp":1681749578618,"stderr":true,"stdout":" "},"type":"ws_msg"}
{"payload":{"local_timestamp":1681749578618,"stderr":true,"stdout":" "},"type":"ws_msg"}
{"payload":{"local_timestamp":1681749578618,"stderr":true,"stdout":" "},"type":"ws_msg"}
{"payload":{"local_timestamp":1681749578618,"stderr":true,"stdout":" "},"type":"ws_msg"}
{"payload":{"local_timestamp":1681749578618,"stderr":true,"stdout":" "},"type":"ws_msg"}
{"payload":{"local_timestamp":1681749578618,"stderr":true,"stdout":" "},"type":"ws_msg"}
{"payload":{"local_timestamp":1681749578618,"stderr":true,"stdout":" "},"type":"ws_msg"}
{"payload":{"local_timestamp":1681749578618,"stderr":true,"stdout":" "},"type":"ws_msg"}
{"payload":{"local_timestamp":1681749578618,"stderr":true,"stdout":" "},"type":"ws_msg"}
{"payload":{"local_timestamp":1681749578618,"stderr":true,"stdout":" "},"type":"ws_msg"}
{"payload":{"local_timestamp":1681749578618,"stderr":true,"stdout":" "},"type":"ws_msg"}
{"payload":{"local_timestamp":1681749578618,"stderr":true,"stdout":" "},"type":"ws_msg"}
{"payload":{"local_timestamp":1681749578618,"stderr":true,"stdout":"^"},"type":"ws_msg"}
{"payload":{"local_timestamp":1681749578618,"stderr":true,"stdout":"^"},"type":"ws_msg"}
{"payload":{"local_timestamp":1681749578618,"stderr":true,"stdout":"^"},"type":"ws_msg"}
{"payload":{"local_timestamp":1681749578618,"stderr":true,"stdout":"^"},"type":"ws_msg"}
{"payload":{"local_timestamp":1681749578618,"stderr":true,"stdout":"^"},"type":"ws_msg"}
{"payload":{"local_timestamp":1681749578618,"stderr":true,"stdout":"^"},"type":"ws_msg"}
{"payload":{"local_timestamp":1681749578618,"stderr":true,"stdout":"^"},"type":"ws_msg"}
{"payload":{"local_timestamp":1681749578618,"stderr":true,"stdout":"^"},"type":"ws_msg"}
{"payload":{"local_timestamp":1681749578618,"stderr":true,"stdout":"^"},"type":"ws_msg"}
{"payload":{"local_timestamp":1681749578618,"stderr":true,"stdout":"^"},"type":"ws_msg"}
{"payload":{"local_timestamp":1681749578618,"stderr":true,"stdout":"^"},"type":"ws_msg"}
{"payload":{"local_timestamp":1681749578618,"stderr":true,"stdout":"^"},"type":"ws_msg"}
{"payload":{"local_timestamp":1681749578618,"stderr":true,"stdout":"^"},"type":"ws_msg"}
{"payload":{"local_timestamp":1681749578618,"stderr":true,"stdout":"^"},"type":"ws_msg"}
{"payload":{"local_timestamp":1681749578618,"stderr":true,"stdout":"^"},"type":"ws_msg"}
{"payload":{"local_timestamp":1681749578618,"stderr":true,"stdout":"^"},"type":"ws_msg"}
{"payload":{"local_timestamp":1681749578618,"stderr":true,"stdout":"^"},"type":"ws_msg"}
{"payload":{"local_timestamp":1681749578618,"stderr":true,"stdout":"^"},"type":"ws_msg"}
{"payload":{"local_timestamp":1681749578618,"stderr":true,"stdout":"^"},"type":"ws_msg"}
{"payload":{"local_timestamp":1681749578618,"stderr":true,"stdout":"^"},"type":"ws_msg"}
{"payload":{"local_timestamp":1681749578618,"stderr":true,"stdout":"^"},"type":"ws_msg"}
{"payload":{"local_timestamp":1681749578618,"stderr":true,"stdout":"^"},"type":"ws_msg"}
{"payload":{"local_timestamp":1681749578618,"stderr":true,"stdout":"^"},"type":"ws_msg"}
{"payload":{"local_timestamp":1681749578618,"stderr":true,"stdout":"^"},"type":"ws_msg"}
{"payload":{"local_timestamp":1681749578618,"stderr":true,"stdout":"^"},"type":"ws_msg"}
{"payload":{"local_timestamp":1681749578618,"stderr":true,"stdout":"^"},"type":"ws_msg"}
{"payload":{"local_timestamp":1681749578618,"stderr":true,"stdout":"^"},"type":"ws_msg"}
{"payload":{"local_timestamp":1681749578618,"stderr":true,"stdout":"^"},"type":"ws_msg"}
{"payload":{"local_timestamp":1681749578618,"stderr":true,"stdout":"^"},"type":"ws_msg"}
{"payload":{"local_timestamp":1681749578618,"stderr":true,"stdout":"^"},"type":"ws_msg"}
{"payload":{"local_timestamp":1681749578618,"stderr":true,"stdout":"^"},"type":"ws_msg"}
{"payload":{"local_timestamp":1681749578619,"stderr":true,"stdout":"\n"},"type":"ws_msg"}
{"payload":{"local_timestamp":1681749578620,"stderr":true,"stdout":"  File \"C:\\Users\\Adum\\Desktop\\SCARA Magisterka\\SCARA git\\SCARA_MGR\\YOLOv5\\utils\\loggers\\comet\\__init__.py\", line 97, in __init__\n"},"type":"ws_msg"}
{"payload":{"local_timestamp":1681749578620,"stderr":true,"stdout":"    "},"type":"ws_msg"}
{"payload":{"local_timestamp":1681749578620,"stderr":true,"stdout":"self.data_dict = self.check_dataset(self.opt.data)"},"type":"ws_msg"}
{"payload":{"local_timestamp":1681749578620,"stderr":true,"stdout":"\n"},"type":"ws_msg"}
{"payload":{"local_timestamp":1681749578621,"stderr":true,"stdout":" "},"type":"ws_msg"}
{"payload":{"local_timestamp":1681749578621,"stderr":true,"stdout":" "},"type":"ws_msg"}
{"payload":{"local_timestamp":1681749578621,"stderr":true,"stdout":" "},"type":"ws_msg"}
{"payload":{"local_timestamp":1681749578621,"stderr":true,"stdout":" "},"type":"ws_msg"}
{"payload":{"local_timestamp":1681749578621,"stderr":true,"stdout":" "},"type":"ws_msg"}
{"payload":{"local_timestamp":1681749578621,"stderr":true,"stdout":" "},"type":"ws_msg"}
{"payload":{"local_timestamp":1681749578621,"stderr":true,"stdout":" "},"type":"ws_msg"}
{"payload":{"local_timestamp":1681749578621,"stderr":true,"stdout":" "},"type":"ws_msg"}
{"payload":{"local_timestamp":1681749578621,"stderr":true,"stdout":" "},"type":"ws_msg"}
{"payload":{"local_timestamp":1681749578621,"stderr":true,"stdout":" "},"type":"ws_msg"}
{"payload":{"local_timestamp":1681749578621,"stderr":true,"stdout":" "},"type":"ws_msg"}
{"payload":{"local_timestamp":1681749578621,"stderr":true,"stdout":" "},"type":"ws_msg"}
{"payload":{"local_timestamp":1681749578621,"stderr":true,"stdout":" "},"type":"ws_msg"}
{"payload":{"local_timestamp":1681749578621,"stderr":true,"stdout":" "},"type":"ws_msg"}
{"payload":{"local_timestamp":1681749578621,"stderr":true,"stdout":" "},"type":"ws_msg"}
{"payload":{"local_timestamp":1681749578621,"stderr":true,"stdout":" "},"type":"ws_msg"}
{"payload":{"local_timestamp":1681749578621,"stderr":true,"stdout":" "},"type":"ws_msg"}
{"payload":{"local_timestamp":1681749578621,"stderr":true,"stdout":" "},"type":"ws_msg"}
{"payload":{"local_timestamp":1681749578621,"stderr":true,"stdout":" "},"type":"ws_msg"}
{"payload":{"local_timestamp":1681749578621,"stderr":true,"stdout":" "},"type":"ws_msg"}
{"payload":{"local_timestamp":1681749578621,"stderr":true,"stdout":" "},"type":"ws_msg"}
{"payload":{"local_timestamp":1681749578621,"stderr":true,"stdout":"^"},"type":"ws_msg"}
{"payload":{"local_timestamp":1681749578621,"stderr":true,"stdout":"^"},"type":"ws_msg"}
{"payload":{"local_timestamp":1681749578621,"stderr":true,"stdout":"^"},"type":"ws_msg"}
{"payload":{"local_timestamp":1681749578621,"stderr":true,"stdout":"^"},"type":"ws_msg"}
{"payload":{"local_timestamp":1681749578621,"stderr":true,"stdout":"^"},"type":"ws_msg"}
{"payload":{"local_timestamp":1681749578621,"stderr":true,"stdout":"^"},"type":"ws_msg"}
{"payload":{"local_timestamp":1681749578621,"stderr":true,"stdout":"^"},"type":"ws_msg"}
{"payload":{"local_timestamp":1681749578621,"stderr":true,"stdout":"^"},"type":"ws_msg"}
{"payload":{"local_timestamp":1681749578621,"stderr":true,"stdout":"^"},"type":"ws_msg"}
{"payload":{"local_timestamp":1681749578621,"stderr":true,"stdout":"^"},"type":"ws_msg"}
{"payload":{"local_timestamp":1681749578621,"stderr":true,"stdout":"^"},"type":"ws_msg"}
{"payload":{"local_timestamp":1681749578621,"stderr":true,"stdout":"^"},"type":"ws_msg"}
{"payload":{"local_timestamp":1681749578621,"stderr":true,"stdout":"^"},"type":"ws_msg"}
{"payload":{"local_timestamp":1681749578621,"stderr":true,"stdout":"^"},"type":"ws_msg"}
{"payload":{"local_timestamp":1681749578621,"stderr":true,"stdout":"^"},"type":"ws_msg"}
{"payload":{"local_timestamp":1681749578621,"stderr":true,"stdout":"^"},"type":"ws_msg"}
{"payload":{"local_timestamp":1681749578621,"stderr":true,"stdout":"^"},"type":"ws_msg"}
{"payload":{"local_timestamp":1681749578621,"stderr":true,"stdout":"^"},"type":"ws_msg"}
{"payload":{"local_timestamp":1681749578621,"stderr":true,"stdout":"^"},"type":"ws_msg"}
{"payload":{"local_timestamp":1681749578621,"stderr":true,"stdout":"^"},"type":"ws_msg"}
{"payload":{"local_timestamp":1681749578621,"stderr":true,"stdout":"^"},"type":"ws_msg"}
{"payload":{"local_timestamp":1681749578621,"stderr":true,"stdout":"^"},"type":"ws_msg"}
{"payload":{"local_timestamp":1681749578621,"stderr":true,"stdout":"^"},"type":"ws_msg"}
{"payload":{"local_timestamp":1681749578621,"stderr":true,"stdout":"^"},"type":"ws_msg"}
{"payload":{"local_timestamp":1681749578621,"stderr":true,"stdout":"^"},"type":"ws_msg"}
{"payload":{"local_timestamp":1681749578621,"stderr":true,"stdout":"^"},"type":"ws_msg"}
{"payload":{"local_timestamp":1681749578621,"stderr":true,"stdout":"^"},"type":"ws_msg"}
{"payload":{"local_timestamp":1681749578621,"stderr":true,"stdout":"^"},"type":"ws_msg"}
{"payload":{"local_timestamp":1681749578621,"stderr":true,"stdout":"^"},"type":"ws_msg"}
{"payload":{"local_timestamp":1681749578621,"stderr":true,"stdout":"^"},"type":"ws_msg"}
{"payload":{"local_timestamp":1681749578621,"stderr":true,"stdout":"^"},"type":"ws_msg"}
{"payload":{"local_timestamp":1681749578621,"stderr":true,"stdout":"^"},"type":"ws_msg"}
{"payload":{"local_timestamp":1681749578621,"stderr":true,"stdout":"^"},"type":"ws_msg"}
{"payload":{"local_timestamp":1681749578621,"stderr":true,"stdout":"\n"},"type":"ws_msg"}
{"payload":{"local_timestamp":1681749578622,"stderr":true,"stdout":"  File \"C:\\Users\\Adum\\Desktop\\SCARA Magisterka\\SCARA git\\SCARA_MGR\\YOLOv5\\utils\\loggers\\comet\\__init__.py\", line 234, in check_dataset\n"},"type":"ws_msg"}
{"payload":{"local_timestamp":1681749578623,"stderr":true,"stdout":"    "},"type":"ws_msg"}
{"payload":{"local_timestamp":1681749578623,"stderr":true,"stdout":"if data_config['path'].startswith(COMET_PREFIX):"},"type":"ws_msg"}
{"payload":{"local_timestamp":1681749578623,"stderr":true,"stdout":"\n"},"type":"ws_msg"}
{"payload":{"local_timestamp":1681749578624,"stderr":true,"stdout":" "},"type":"ws_msg"}
{"payload":{"local_timestamp":1681749578624,"stderr":true,"stdout":" "},"type":"ws_msg"}
{"payload":{"local_timestamp":1681749578624,"stderr":true,"stdout":" "},"type":"ws_msg"}
{"payload":{"local_timestamp":1681749578624,"stderr":true,"stdout":" "},"type":"ws_msg"}
{"payload":{"local_timestamp":1681749578624,"stderr":true,"stdout":" "},"type":"ws_msg"}
{"payload":{"local_timestamp":1681749578624,"stderr":true,"stdout":" "},"type":"ws_msg"}
{"payload":{"local_timestamp":1681749578624,"stderr":true,"stdout":" "},"type":"ws_msg"}
{"payload":{"local_timestamp":1681749578624,"stderr":true,"stdout":"~"},"type":"ws_msg"}
{"payload":{"local_timestamp":1681749578624,"stderr":true,"stdout":"~"},"type":"ws_msg"}
{"payload":{"local_timestamp":1681749578624,"stderr":true,"stdout":"~"},"type":"ws_msg"}
{"payload":{"local_timestamp":1681749578624,"stderr":true,"stdout":"~"},"type":"ws_msg"}
{"payload":{"local_timestamp":1681749578624,"stderr":true,"stdout":"~"},"type":"ws_msg"}
{"payload":{"local_timestamp":1681749578624,"stderr":true,"stdout":"~"},"type":"ws_msg"}
{"payload":{"local_timestamp":1681749578624,"stderr":true,"stdout":"~"},"type":"ws_msg"}
{"payload":{"local_timestamp":1681749578624,"stderr":true,"stdout":"~"},"type":"ws_msg"}
{"payload":{"local_timestamp":1681749578624,"stderr":true,"stdout":"~"},"type":"ws_msg"}
{"payload":{"local_timestamp":1681749578624,"stderr":true,"stdout":"~"},"type":"ws_msg"}
{"payload":{"local_timestamp":1681749578624,"stderr":true,"stdout":"~"},"type":"ws_msg"}
{"payload":{"local_timestamp":1681749578624,"stderr":true,"stdout":"^"},"type":"ws_msg"}
{"payload":{"local_timestamp":1681749578624,"stderr":true,"stdout":"^"},"type":"ws_msg"}
{"payload":{"local_timestamp":1681749578624,"stderr":true,"stdout":"^"},"type":"ws_msg"}
{"payload":{"local_timestamp":1681749578624,"stderr":true,"stdout":"^"},"type":"ws_msg"}
{"payload":{"local_timestamp":1681749578624,"stderr":true,"stdout":"^"},"type":"ws_msg"}
{"payload":{"local_timestamp":1681749578624,"stderr":true,"stdout":"^"},"type":"ws_msg"}
{"payload":{"local_timestamp":1681749578624,"stderr":true,"stdout":"^"},"type":"ws_msg"}
{"payload":{"local_timestamp":1681749578624,"stderr":true,"stdout":"^"},"type":"ws_msg"}
{"payload":{"local_timestamp":1681749578624,"stderr":true,"stdout":"\n"},"type":"ws_msg"}
{"payload":{"local_timestamp":1681749578624,"stderr":true,"stdout":"KeyError"},"type":"ws_msg"}
{"payload":{"local_timestamp":1681749578624,"stderr":true,"stdout":": "},"type":"ws_msg"}
{"payload":{"local_timestamp":1681749578624,"stderr":true,"stdout":"'path'"},"type":"ws_msg"}
{"payload":{"local_timestamp":1681749578624,"stderr":true,"stdout":"\n"},"type":"ws_msg"}
{"payload":{"git_meta":{"branch":"refs/heads/master","origin":"https://github.com/AdamKubiak/SCARA_MGR.git","parent":"a3aed07c59d11d8d50683657ab8890d0ce4e078b","repo_name":"SCARA_MGR","root":"3b8304c33e5d69b5724e14c7ded4087593562f9b","status":null,"user":"AdamKubiak"},"local_timestamp":1681749578666},"type":"ws_msg"}
{"payload":{"local_timestamp":1681749578667,"stderr":true,"stdout":"\u001b[1;38;5;39mCOMET INFO:\u001b[0m ---------------------------------------------------------------------------------------\n"},"type":"ws_msg"}
{"payload":{"local_timestamp":1681749578667,"stderr":true,"stdout":"\u001b[1;38;5;39mCOMET INFO:\u001b[0m Comet.ml OfflineExperiment Summary\n"},"type":"ws_msg"}
{"payload":{"local_timestamp":1681749578668,"stderr":true,"stdout":"\u001b[1;38;5;39mCOMET INFO:\u001b[0m ---------------------------------------------------------------------------------------\n"},"type":"ws_msg"}
{"payload":{"local_timestamp":1681749578668,"stderr":true,"stdout":"\u001b[1;38;5;39mCOMET INFO:\u001b[0m   Data:\n"},"type":"ws_msg"}
{"payload":{"local_timestamp":1681749578668,"stderr":true,"stdout":"\u001b[1;38;5;39mCOMET INFO:\u001b[0m     display_summary_level : 1\n"},"type":"ws_msg"}
{"payload":{"local_timestamp":1681749578669,"stderr":true,"stdout":"\u001b[1;38;5;39mCOMET INFO:\u001b[0m     url                   : [OfflineExperiment will get URL after upload]\n"},"type":"ws_msg"}
{"payload":{"local_timestamp":1681749578669,"stderr":true,"stdout":"\u001b[1;38;5;39mCOMET INFO:\u001b[0m   Others:\n"},"type":"ws_msg"}
{"payload":{"local_timestamp":1681749578670,"stderr":true,"stdout":"\u001b[1;38;5;39mCOMET INFO:\u001b[0m     offline_experiment : True\n"},"type":"ws_msg"}
{"payload":{"local_timestamp":1681749578670,"stderr":true,"stdout":"\u001b[1;38;5;39mCOMET INFO:\u001b[0m   Uploads:\n"},"type":"ws_msg"}
{"payload":{"local_timestamp":1681749578670,"stderr":true,"stdout":"\u001b[1;38;5;39mCOMET INFO:\u001b[0m     environment details : 1\n"},"type":"ws_msg"}
{"payload":{"local_timestamp":1681749578671,"stderr":true,"stdout":"\u001b[1;38;5;39mCOMET INFO:\u001b[0m     git metadata        : 1\n"},"type":"ws_msg"}
{"payload":{"local_timestamp":1681749578671,"stderr":true,"stdout":"\u001b[1;38;5;39mCOMET INFO:\u001b[0m     installed packages  : 1\n"},"type":"ws_msg"}
{"payload":{"local_timestamp":1681749578671,"stderr":true,"stdout":"\u001b[1;38;5;39mCOMET INFO:\u001b[0m \n"},"type":"ws_msg"}
{"payload":{"local_timestamp":1681749578672,"stderr":true,"stdout":"\u001b[1;38;5;214mCOMET WARNING:\u001b[0m Experiment Name is generated at upload time for Offline Experiments unless set explicitly with Experiment.set_name\n"},"type":"ws_msg"}
{"payload":{"local_timestamp":1681749578672,"stderr":true,"stdout":"\u001b[1;38;5;214mCOMET WARNING:\u001b[0m To get all data logged automatically, import comet_ml before the following modules: torch, tensorboard.\n"},"type":"ws_msg"}
{"payload":{"local_timestamp":1681749578672,"log_other":{"key":"sys.already_imported_modules","val":"[\"torch\", \"tensorboard\"]"}},"type":"ws_msg"}
